text,is_toxic
"good game everyone",0
"nice shot well played",0
"thanks for helping the team",0
"that was a great match",0
"good luck in the next round",0
"awesome teamwork",0
"you played really well",0
"lets work together",0
"nice strategy",0
"great job team",0
"thanks for the game",0
"that was fun",0
"well done",0
"lets try again",0
"good effort everyone",0
"you are stupid",1
"you are an idiot",1
"shut up loser",1
"you are useless",1
"get lost noob",1
"i hate you",1
"you are terrible",1
"idiot player leave the game",1
"you suck at this game",1
"stupid noob",1
"you are trash",1
"worst player ever",1
"shut up idiot",1
"loser get out",1
"you are pathetic",1