accuracy,headshot_rate,reaction_time,kills_per_minute,impossible_actions,tracking_score,is_cheater
0.42,0.18,310,1.2,0,0.35,0
0.48,0.22,280,1.5,0,0.40,0
0.51,0.25,260,1.8,0,0.45,0
0.39,0.16,330,1.1,0,0.30,0
0.55,0.28,240,2.0,0,0.48,0
0.46,0.20,295,1.4,0,0.38,0
0.50,0.24,270,1.7,0,0.43,0
0.44,0.19,305,1.3,0,0.36,0
0.57,0.31,235,2.1,1,0.50,0
0.53,0.27,250,1.9,0,0.46,0
0.41,0.17,320,1.2,0,0.33,0
0.49,0.23,275,1.6,0,0.41,0
0.54,0.29,245,2.0,0,0.47,0
0.45,0.21,290,1.5,0,0.39,0
0.52,0.26,255,1.8,0,0.44,0
0.96,0.91,55,6.8,12,0.97,1
0.98,0.94,42,7.5,15,0.99,1
0.93,0.88,65,6.2,9,0.94,1
0.99,0.97,35,8.1,18,0.99,1
0.91,0.86,72,5.9,8,0.92,1
0.97,0.93,48,7.2,14,0.98,1
0.95,0.90,58,6.6,11,0.96,1
0.92,0.87,68,6.0,10,0.93,1
0.99,0.95,40,7.8,17,0.99,1
0.94,0.89,60,6.4,10,0.95,1
0.97,0.92,50,7.0,13,0.98,1
0.90,0.84,78,5.6,7,0.91,1
0.96,0.90,54,6.7,12,0.97,1
0.93,0.86,66,6.1,9,0.94,1
0.98,0.96,38,7.9,16,0.99,1